title,artist,genre,year,salesPoint,category,country,currency,previewUrl,artworkUrl,trackViewUrl
Hype Boy,뉴진스,R&B Pop / Jersey Club,2022,0,music,KOR,KRW,https://audio-ssl.itunes.apple.com/itunes-assets/AudioPreview211/v4/85/f3/08/85f30899-e93c-35e2-4742-df57fc2d3552/mzaf_14134842621180071043.plus.aac.p.m4a,https://is1-ssl.mzstatic.com/image/thumb/Music112/v4/4e/64/34/4e64344b-3ac6-c503-2c41-257a15401416/192641873096_Cover.jpg/100x100bb.jpg,https://music.apple.com/kr/album/hype-boy/1635469682?i=1635469851&uo=4
첫 만남은 계획대로 되지 않아,투어스,Dance Pop,2024,0,music,KOR,KRW,https://audio-ssl.itunes.apple.com/itunes-assets/AudioPreview211/v4/ac/8d/97/ac8d9717-2bbf-b1bf-b2e9-476feea6a480/mzaf_11615065500455071115.plus.aac.p.m4a,https://is1-ssl.mzstatic.com/image/thumb/Music211/v4/17/bb/d4/17bbd45f-fee7-a9dd-ff01-e7b174cc1462/196922759543_Cover.jpg/100x100bb.jpg,https://music.apple.com/kr/album/%EC%B2%AB-%EB%A7%8C%EB%82%A8%EC%9D%80-%EA%B3%84%ED%9A%8D%EB%8C%80%EB%A1%9C-%EB%90%98%EC%A7%80-%EC%95%8A%EC%95%84/1723932647?i=1723932648&uo=4
Attention,뉴진스,R&B Pop,2022,0,music,KOR,KRW,https://audio-ssl.itunes.apple.com/itunes-assets/AudioPreview211/v4/13/33/80/13338088-6e32-3cb4-818b-d3d5b4d46c60/mzaf_6427935611641023860.plus.aac.p.m4a,https://is1-ssl.mzstatic.com/image/thumb/Music112/v4/4e/64/34/4e64344b-3ac6-c503-2c41-257a15401416/192641873096_Cover.jpg/100x100bb.jpg,https://music.apple.com/kr/album/attention/1635469682?i=1635469694&uo=4
Magnetic,아일릿,Dance Pop / Synth Pop,2024,0,music,KOR,KRW,https://audio-ssl.itunes.apple.com/itunes-assets/AudioPreview211/v4/e8/7e/67/e87e6795-4ada-2f65-d562-1fd2a3eddfdf/mzaf_11263458879279601822.plus.aac.p.m4a,https://is1-ssl.mzstatic.com/image/thumb/Music122/v4/3e/49/1e/3e491e43-4961-21ab-2abe-37fb1c0feb40/196922879227_Cover.jpg/100x100bb.jpg,https://music.apple.com/kr/album/magnetic/1734500886?i=1734500896&uo=4
How Sweet,뉴진스,Miami Bass / Dance Pop,2024,0,music,KOR,KRW,https://audio-ssl.itunes.apple.com/itunes-assets/AudioPreview211/v4/4d/f8/ec/4df8ec06-579b-0b92-1c4d-d8714cc5d1bc/mzaf_8361635933595309894.plus.aac.p.m4a,https://is1-ssl.mzstatic.com/image/thumb/Music221/v4/bf/68/ca/bf68ca64-4acd-543f-bc78-455f11f06105/196922889738_Cover.jpg/100x100bb.jpg,https://music.apple.com/kr/album/how-sweet/1744448415?i=1744448416&uo=4
Whiplash,aespa,EDM / Electro House,2024,0,music,KOR,KRW,https://audio-ssl.itunes.apple.com/itunes-assets/AudioPreview211/v4/91/84/e5/9184e5d0-54c8-eccc-e62c-e3175a88b396/mzaf_13467227653896090925.plus.aac.p.m4a,https://is1-ssl.mzstatic.com/image/thumb/Music221/v4/1a/26/5d/1a265da7-ff45-8df0-ee94-7b79becfc7d9/888735949562.png/100x100bb.jpg,https://music.apple.com/kr/album/whiplash/1772644600?i=1772644601&uo=4
Cookie,뉴진스,R&B Pop,2022,0,music,KOR,KRW,https://audio-ssl.itunes.apple.com/itunes-assets/AudioPreview211/v4/e5/7b/b0/e57bb09d-52c7-4fbd-1cd4-34c5bf3191fd/mzaf_15060284439168925693.plus.aac.p.m4a,https://is1-ssl.mzstatic.com/image/thumb/Music112/v4/4e/64/34/4e64344b-3ac6-c503-2c41-257a15401416/192641873096_Cover.jpg/100x100bb.jpg,https://music.apple.com/kr/album/cookie/1635469682?i=1635469854&uo=4
Drama,aespa,Dance Pop / Hip Hop,2023,0,music,KOR,KRW,https://audio-ssl.itunes.apple.com/itunes-assets/AudioPreview221/v4/1f/dc/9b/1fdc9b25-04dd-515c-b5da-8dc132ed39b6/mzaf_5682330302212897053.plus.aac.p.m4a,https://is1-ssl.mzstatic.com/image/thumb/Music116/v4/f7/f0/5c/f7f05ce4-e5a4-900d-e087-1dd9668b2b34/888735945939.jpg/100x100bb.jpg,https://music.apple.com/kr/album/drama/1715939930?i=1715939931&uo=4
ELEVEN,아이브,Dance Pop,2021,0,music,KOR,KRW,https://audio-ssl.itunes.apple.com/itunes-assets/AudioPreview211/v4/8e/03/cb/8e03cbac-abc9-248c-a739-d01ccde2540b/mzaf_4435610194734657545.plus.aac.p.m4a,https://is1-ssl.mzstatic.com/image/thumb/Music116/v4/d3/63/4a/d3634a37-8dd2-8fc6-d138-895b3d237611/IVE_OnlineCover_fix.jpg/100x100bb.jpg,https://music.apple.com/kr/album/eleven/1597404250?i=1597404252&uo=4
Welcome to the Show,데이식스,Pop Rock,2024,0,music,KOR,KRW,https://audio-ssl.itunes.apple.com/itunes-assets/AudioPreview221/v4/67/0c/69/670c697b-b943-1148-95ba-5733b70e3042/mzaf_14041457009119207683.plus.aac.p.m4a,https://is1-ssl.mzstatic.com/image/thumb/Music112/v4/42/fb/af/42fbaf16-efe2-4e1f-2e5e-bb42c2bdc281/DAY6_Fourever_Online_Cover.jpg/100x100bb.jpg,https://music.apple.com/kr/album/welcome-to-the-show/1731955732?i=1731955737&uo=4
Drowning,WOODZ,Alternative Rock,2023,0,music,KOR,KRW,https://audio-ssl.itunes.apple.com/itunes-assets/AudioPreview126/v4/0f/d8/6f/0fd86fd4-67e1-819e-011e-6dfbb35c543f/mzaf_1219313157550046379.plus.aac.p.m4a,https://is1-ssl.mzstatic.com/image/thumb/Music116/v4/07/91/0d/07910df6-5ab5-0867-3be5-900cf9d11018/cover_KM0016894_1.jpg/100x100bb.jpg,https://music.apple.com/kr/album/drowning/1683448653?i=1683448656&uo=4
REDRED,코르티스,Synth Pop,2026,0,music,KOR,KRW,https://audio-ssl.itunes.apple.com/itunes-assets/AudioPreview221/v4/b9/a9/23/b9a92352-f4a2-fd4e-c2de-4985bc38133c/mzaf_7598194542973128311.plus.aac.p.m4a,https://is1-ssl.mzstatic.com/image/thumb/Music221/v4/9b/5f/47/9b5f4711-dc78-2dea-6721-d06709ea5121/198704992810_Cover.jpg/100x100bb.jpg,https://music.apple.com/kr/album/redred/1887671065?i=1887671067&uo=4
Supernova,aespa,EDM / Dance Pop,2024,0,music,KOR,KRW,https://audio-ssl.itunes.apple.com/itunes-assets/AudioPreview221/v4/cb/a5/34/cba5340f-feac-7e85-0d62-c687a5da7524/mzaf_5508662312740645025.plus.aac.p.m4a,https://is1-ssl.mzstatic.com/image/thumb/Music221/v4/2b/9b/4e/2b9b4ef2-85f3-1880-934f-9a45f8480cfb/888735947483.png/100x100bb.jpg,https://music.apple.com/kr/album/supernova/1745281747?i=1745281749&uo=4
Golden,"HUNTR/X, EJAE, AUDREY NUNA, REI AMI & KPop Demon Hunters Cast",Pop Soundtrack,2025,0,music,KOR,KRW,https://audio-ssl.itunes.apple.com/itunes-assets/AudioPreview221/v4/4a/9d/a1/4a9da1c4-096f-8f45-4a3b-c883c45ca451/mzaf_3059921854949935161.plus.aac.p.m4a,https://is1-ssl.mzstatic.com/image/thumb/Music211/v4/e1/15/42/e1154273-8ecd-5702-e6e6-597f28001681/25UMGIM82363.rgb.jpg/100x100bb.jpg,https://music.apple.com/kr/album/golden/1820264137?i=1820264150&uo=4
toxic till the end,로제,Pop Rock,2024,0,music,KOR,KRW,https://audio-ssl.itunes.apple.com/itunes-assets/AudioPreview221/v4/6f/bd/d8/6fbdd87e-c958-74d6-3215-633bcc550654/mzaf_17183830555505448544.plus.aac.p.m4a,https://is1-ssl.mzstatic.com/image/thumb/Music211/v4/4d/cb/54/4dcb5453-7493-cd68-81f8-fc7ae28101ce/8800287299416_cover.jpg/100x100bb.jpg,https://music.apple.com/kr/album/toxic-till-the-end/1783280221?i=1783280225&uo=4
404 (New Era),키키,Dance Pop,2026,0,music,KOR,KRW,https://audio-ssl.itunes.apple.com/itunes-assets/AudioPreview221/v4/a8/b6/87/a8b687ed-860d-5da9-f9d5-02dc94e98516/mzaf_17275371173713193127.plus.aac.p.m4a,https://is1-ssl.mzstatic.com/image/thumb/Music221/v4/1b/43/f5/1b43f5d0-0a3b-d1e1-bc0a-e572e92e0455/199806885123.jpg/100x100bb.jpg,https://music.apple.com/kr/album/404-new-era/1868617345?i=1868617347&uo=4
거리에서,성시경,K-Ballad,2006,0,music,KOR,KRW,https://audio-ssl.itunes.apple.com/itunes-assets/AudioPreview125/v4/7f/cb/ae/7fcbae10-e463-ca59-2094-81cf875e199e/mzaf_3664734411788512450.plus.aac.p.m4a,https://is1-ssl.mzstatic.com/image/thumb/Music124/v4/21/7c/88/217c88ed-80bf-adfa-7cdf-a5c219daf9f7/8809784722939.jpg/100x100bb.jpg,https://music.apple.com/kr/album/%EA%B1%B0%EB%A6%AC%EC%97%90%EC%84%9C/1543850903?i=1543850904&uo=4
The Chase,Hearts2Hearts,Dance Pop,2025,0,music,KOR,KRW,https://audio-ssl.itunes.apple.com/itunes-assets/AudioPreview221/v4/9d/7f/fb/9d7ffbed-b702-647e-a591-58700fcb4eb8/mzaf_29771823375578786.plus.aac.p.m4a,https://is1-ssl.mzstatic.com/image/thumb/Music211/v4/2b/0e/e8/2b0ee80e-eae3-aff6-9ca7-01cf7a830c78/888735951398.png/100x100bb.jpg,https://music.apple.com/kr/album/the-chase/1796402197?i=1796402200&uo=4
TOMBOY,i-dle,Pop Rock,2022,0,music,KOR,KRW,https://audio-ssl.itunes.apple.com/itunes-assets/AudioPreview211/v4/b1/2d/68/b12d68cc-43c0-b624-e436-a37429949e11/mzaf_2502016916124139192.plus.aac.p.m4a,https://is1-ssl.mzstatic.com/image/thumb/Music116/v4/ce/04/82/ce0482db-b035-5eed-ee2e-23999b4b2051/cover_KM0014878_1.jpg/100x100bb.jpg,https://music.apple.com/kr/album/tomboy/1613139921?i=1613139922&uo=4
STYLE,Hearts2Hearts,Dance Pop,2025,0,music,KOR,KRW,https://audio-ssl.itunes.apple.com/itunes-assets/AudioPreview221/v4/7d/a5/22/7da52235-4936-089b-cca7-57b39bd57901/mzaf_16582803519496058674.plus.aac.p.m4a,https://is1-ssl.mzstatic.com/image/thumb/Music221/v4/05/f3/0b/05f30b30-22fb-3c21-c497-8fd8829f2004/888735952135.png/100x100bb.jpg,https://music.apple.com/kr/album/style/1819694545?i=1819694546&uo=4
Lucky Girl Syndrome,아일릿,Synth Pop,2024,0,music,KOR,KRW,https://audio-ssl.itunes.apple.com/itunes-assets/AudioPreview211/v4/22/b7/4e/22b74e6f-8297-bcef-7a97-042fd80fb10e/mzaf_10835128423678862503.plus.aac.p.m4a,https://is1-ssl.mzstatic.com/image/thumb/Music122/v4/3e/49/1e/3e491e43-4961-21ab-2abe-37fb1c0feb40/196922879227_Cover.jpg/100x100bb.jpg,https://music.apple.com/kr/album/lucky-girl-syndrome/1734500886?i=1734501146&uo=4
RUDE!,Hearts2Hearts,Dance Pop,2026,0,music,KOR,KRW,https://audio-ssl.itunes.apple.com/itunes-assets/AudioPreview221/v4/01/3c/36/013c3684-7121-8f9f-6eb5-00b610ac055c/mzaf_16203782190977593201.plus.aac.p.m4a,https://is1-ssl.mzstatic.com/image/thumb/Music221/v4/78/b9/fb/78b9fb30-169a-eab0-38e9-8df725f8f2d6/888735954603.png/100x100bb.jpg,https://music.apple.com/kr/album/rude/1875146814?i=1875146815&uo=4
빌려온 고양이 (Do the Dance),아일릿,Dance Pop,2025,0,music,KOR,KRW,https://audio-ssl.itunes.apple.com/itunes-assets/AudioPreview221/v4/1f/e4/ec/1fe4ec8d-0a55-5366-c3f7-47e820329d20/mzaf_901005315216648099.plus.aac.p.m4a,https://is1-ssl.mzstatic.com/image/thumb/Music221/v4/e4/bc/4d/e4bc4da3-0013-9949-8e54-0eede523f9d4/198704525001_Cover.jpg/100x100bb.jpg,https://music.apple.com/kr/album/%EB%B9%8C%EB%A0%A4%EC%98%A8-%EA%B3%A0%EC%96%91%EC%9D%B4-do-the-dance/1817427556?i=1817427565&uo=4
고민중독,QWER,Pop Punk / Pop Rock,2024,0,music,KOR,KRW,https://audio-ssl.itunes.apple.com/itunes-assets/AudioPreview211/v4/ca/f2/aa/caf2aa58-40ef-8460-cf65-0f97848da839/mzaf_11004362433324424334.plus.aac.p.m4a,https://is1-ssl.mzstatic.com/image/thumb/Music221/v4/75/54/38/75543853-92c7-064c-fe26-2cbf5eecc6d8/cover_KM0019655_1.jpg/100x100bb.jpg,https://music.apple.com/kr/album/%EA%B3%A0%EB%AF%BC%EC%A4%91%EB%8F%85/1737366584?i=1737366585&uo=4
HOME SWEET HOME (feat. TAEYANG & DAESUNG),G-DRAGON,Hip Hop,2024,0,music,KOR,KRW,https://audio-ssl.itunes.apple.com/itunes-assets/AudioPreview221/v4/2a/15/77/2a1577ce-2885-d92a-18b2-d6f3ef8f2421/mzaf_1439558567026759296.plus.aac.p.m4a,https://is1-ssl.mzstatic.com/image/thumb/Music211/v4/5e/fc/0f/5efc0fb0-9c73-8334-3cda-96b92e67409b/cover_KM0020657_1.jpg/100x100bb.jpg,https://music.apple.com/kr/album/home-sweet-home-feat-taeyang-daesung/1780757445?i=1780757446&uo=4
"무제, 2014",G-DRAGON,Ballad,2017,0,music,KOR,KRW,https://audio-ssl.itunes.apple.com/itunes-assets/AudioPreview211/v4/b2/b4/03/b2b4031b-65a9-b542-63aa-20ef14ed41b3/mzaf_543131874169560410.plus.aac.p.m4a,https://is1-ssl.mzstatic.com/image/thumb/Music115/v4/08/7d/c9/087dc979-4295-daa3-f22a-3c4f141c7ad0/GD_DS_4000_2.jpg/100x100bb.jpg,https://music.apple.com/kr/album/%EB%AC%B4%EC%A0%9C-2014/1246076503?i=1246076508&uo=4
그건 아마 우리의 잘못은 아닐 거야,백예린,Indie Folk,2019,0,music,KOR,KRW,https://audio-ssl.itunes.apple.com/itunes-assets/AudioPreview125/v4/9d/93/3e/9d933eb6-6902-4ea6-e6a2-d4dfdfa81f60/mzaf_12930430016126812943.plus.aac.p.m4a,https://is1-ssl.mzstatic.com/image/thumb/Music123/v4/7e/7f/a1/7e7fa149-6db3-9c0c-bb14-47e6f346e31b/Our_love_is_great_cover.jpg/100x100bb.jpg,https://music.apple.com/kr/album/%EA%B7%B8%EA%B1%B4-%EC%95%84%EB%A7%88-%EC%9A%B0%EB%A6%AC%EC%9D%98-%EC%9E%98%EB%AA%BB%EC%9D%80-%EC%95%84%EB%8B%90-%EA%B1%B0%EC%95%BC/1456221391?i=1456221393&uo=4
오늘만 I LOVE YOU,보이넥스트도어,Pop Rock,2025,0,music,KOR,KRW,https://audio-ssl.itunes.apple.com/itunes-assets/AudioPreview221/v4/b0/29/da/b029da0d-f3cd-231a-dabc-0704776df26f/mzaf_4183191705776683622.plus.aac.p.m4a,https://is1-ssl.mzstatic.com/image/thumb/Music221/v4/8c/03/16/8c03163b-065d-5f3c-ba55-73c4603a3c05/198704289064_Cover.jpg/100x100bb.jpg,https://music.apple.com/kr/album/%EC%98%A4%EB%8A%98%EB%A7%8C-i-love-you/1785637094?i=1785637238&uo=4
FOCUS,Hearts2Hearts,R&B Pop,2025,0,music,KOR,KRW,https://audio-ssl.itunes.apple.com/itunes-assets/AudioPreview221/v4/44/97/60/44976097-de99-04ed-b494-11634e957a26/mzaf_5997753821524447019.plus.aac.p.m4a,https://is1-ssl.mzstatic.com/image/thumb/Music221/v4/df/26/ea/df26eafa-06e8-8bd0-4180-5ba91fb91c39/888735953859.png/100x100bb.jpg,https://music.apple.com/kr/album/focus/1841828519?i=1841828520&uo=4
뛰어(JUMP),BLACKPINK,EDM / Dance Pop,2025,0,music,KOR,KRW,https://audio-ssl.itunes.apple.com/itunes-assets/AudioPreview221/v4/69/06/a8/6906a8ae-c1ac-444f-7217-2989a3ed7ea3/mzaf_14545849858977821875.plus.aac.p.m4a,https://is1-ssl.mzstatic.com/image/thumb/Music211/v4/00/3e/16/003e1619-3133-a934-3263-5749ee119625/8809519880736_cover.jpg/100x100bb.jpg,https://music.apple.com/kr/album/%EB%9B%B0%EC%96%B4-jump/1825258503?i=1825258504&uo=4
Congratulations,데이식스,Alternative Rock,2015,0,music,KOR,KRW,https://audio-ssl.itunes.apple.com/itunes-assets/AudioPreview125/v4/f6/6f/5a/f66f5af6-e1bd-7dcb-f57c-22fd4947522f/mzaf_9678579829313596865.plus.aac.p.m4a,https://is1-ssl.mzstatic.com/image/thumb/Music60/v4/6b/b2/cc/6bb2cc38-d3bf-af92-f7e6-cd3ad24279f6/mzm.hlknqhiv.jpg/100x100bb.jpg,https://music.apple.com/kr/album/congratulations/1037939986?i=1037940002&uo=4
Supersonic,fromis_9,Dance Pop,2024,0,music,KOR,KRW,https://audio-ssl.itunes.apple.com/itunes-assets/AudioPreview211/v4/78/bb/c7/78bbc7e9-5860-0039-28c8-dbc81abe9c06/mzaf_7123349174187835575.plus.aac.p.m4a,https://is1-ssl.mzstatic.com/image/thumb/Music211/v4/c9/05/b0/c905b007-01a2-3f53-32e3-f30e5593ff24/198704060052_Cover.jpg/100x100bb.jpg,https://music.apple.com/kr/album/supersonic/1760411223?i=1760411225&uo=4
뚜두뚜두,BLACKPINK,Trap Pop,2018,0,music,KOR,KRW,https://audio-ssl.itunes.apple.com/itunes-assets/AudioPreview115/v4/27/ad/ca/27adca22-d3e7-50bb-9ea5-7a29c6ce4ac0/mzaf_1409044628709112202.plus.aac.p.m4a,https://is1-ssl.mzstatic.com/image/thumb/Music125/v4/d8/c2/7b/d8c27bd6-8358-5f68-45b2-673bf6baa1fa/BLACKPINK_DIGITAL_SINGLE_IMAGE.jpg/100x100bb.jpg,https://music.apple.com/kr/album/%EB%9A%9C%EB%91%90%EB%9A%9C%EB%91%90/1398185606?i=1398185834&uo=4
INVU,태연,Synth Pop,2022,0,music,KOR,KRW,https://audio-ssl.itunes.apple.com/itunes-assets/AudioPreview126/v4/32/f4/32/32f4320b-9c80-1144-4a73-99768659e2bc/mzaf_18432216400216579717.plus.aac.p.m4a,https://is1-ssl.mzstatic.com/image/thumb/Music126/v4/31/57/83/31578320-668c-39ac-9b69-20beba684835/03_INVU.jpg/100x100bb.jpg,https://music.apple.com/kr/album/invu/1609049611?i=1609049613&uo=4
Blueming,아이유,Pop Rock,2019,0,music,KOR,KRW,https://audio-ssl.itunes.apple.com/itunes-assets/AudioPreview115/v4/99/56/19/995619c5-5310-d3b0-de45-0ff352bc58d9/mzaf_11001517585085545132.plus.aac.p.m4a,https://is1-ssl.mzstatic.com/image/thumb/Music124/v4/b8/b8/18/b8b81899-a984-be85-5656-ec1f2fc10227/5_Love_poem.jpg/100x100bb.jpg,https://music.apple.com/kr/album/blueming/1488300927?i=1488300930&uo=4
Forever Young,BLACKPINK,Dance Pop,2018,0,music,KOR,KRW,https://audio-ssl.itunes.apple.com/itunes-assets/AudioPreview115/v4/b1/6b/34/b16b34da-22a1-3c01-90c5-52724bc2405c/mzaf_6263912856500186982.plus.aac.p.m4a,https://is1-ssl.mzstatic.com/image/thumb/Music125/v4/d8/c2/7b/d8c27bd6-8358-5f68-45b2-673bf6baa1fa/BLACKPINK_DIGITAL_SINGLE_IMAGE.jpg/100x100bb.jpg,https://music.apple.com/kr/album/forever-young/1398185606?i=1398185835&uo=4
Sticky,KISS OF LIFE,Summer Pop / Dancehall Pop,2024,0,music,KOR,KRW,https://audio-ssl.itunes.apple.com/itunes-assets/AudioPreview221/v4/46/18/9f/46189f37-d2a0-d9f9-163a-5770c8677ad6/mzaf_6146227575934427595.plus.aac.p.m4a,https://is1-ssl.mzstatic.com/image/thumb/Music221/v4/9b/00/c7/9b00c7e0-2e78-af06-bcfe-89d7a00e5a6d/cover_KM0019987_1.jpg/100x100bb.jpg,https://music.apple.com/kr/album/sticky/1753900852?i=1753900853&uo=4
Get A Guitar,RIIZE,Funk Pop,2023,0,music,KOR,KRW,https://audio-ssl.itunes.apple.com/itunes-assets/AudioPreview221/v4/ff/11/a0/ff11a013-8cbf-1aa2-50fc-8b0ef84d9061/mzaf_15511379780054688958.plus.aac.p.m4a,https://is1-ssl.mzstatic.com/image/thumb/Music221/v4/f0/5d/f4/f05df46a-3490-6b6e-19b7-64ca0d33448a/888735944888.png/100x100bb.jpg,https://music.apple.com/kr/album/get-a-guitar/1702800317?i=1702800318&uo=4
Steady,NCT WISH,Dance Pop,2024,0,music,KOR,KRW,https://audio-ssl.itunes.apple.com/itunes-assets/AudioPreview211/v4/2e/20/61/2e206126-89a9-febc-784d-30bc9d849545/mzaf_12877313560022376249.plus.aac.p.m4a,https://is1-ssl.mzstatic.com/image/thumb/Music211/v4/b9/6f/ba/b96fba14-1aab-ce7b-5dd9-5f50fdd33dff/dj.lejatqhp.png/100x100bb.jpg,https://music.apple.com/kr/album/steady/1766692130?i=1766692131&uo=4
퀸카,i-dle,Pop Rock,2023,0,music,KOR,KRW,https://audio-ssl.itunes.apple.com/itunes-assets/AudioPreview211/v4/d0/61/fe/d061fef8-d964-d5d3-fe5c-147202fccd32/mzaf_5090530859078181756.plus.aac.p.m4a,https://is1-ssl.mzstatic.com/image/thumb/Music116/v4/29/27/57/29275797-c35d-df22-1394-61189a2aae43/cover_KM0017301_1.jpg/100x100bb.jpg,https://music.apple.com/kr/album/%ED%80%B8%EC%B9%B4/1687024222?i=1687024225&uo=4
SHEESH,BABYMONSTER,Hip Hop Dance,2024,0,music,KOR,KRW,https://audio-ssl.itunes.apple.com/itunes-assets/AudioPreview211/v4/e8/0e/20/e80e2080-c1e6-f616-bec0-82fbd530da09/mzaf_402899695312688427.plus.aac.p.m4a,https://is1-ssl.mzstatic.com/image/thumb/Music221/v4/fb/68/85/fb68856f-4965-5d30-78ea-fe6bb261f4ff/3000px.jpg/100x100bb.jpg,https://music.apple.com/kr/album/sheesh/1737962888?i=1737962890&uo=4
죽일 놈,다이나믹 듀오,Hip Hop,2009,0,music,KOR,KRW,https://audio-ssl.itunes.apple.com/itunes-assets/AudioPreview122/v4/e1/78/44/e1784403-a2bb-ef60-fd6b-a8fb1cb1777e/mzaf_12538551168795795627.plus.aac.p.m4a,https://is1-ssl.mzstatic.com/image/thumb/Music122/v4/ff/34/4f/ff344f3d-31b0-6c99-c28e-f3e241bf0a27/8809603545916_Cover.jpg/100x100bb.jpg,https://music.apple.com/kr/album/%EC%A3%BD%EC%9D%BC-%EB%86%88/1619746921?i=1619747166&uo=4
오랜 날 오랜 밤,악뮤,Folk Pop,2017,0,music,KOR,KRW,https://audio-ssl.itunes.apple.com/itunes-assets/AudioPreview115/v4/57/b1/84/57b184a7-a483-be7a-7aa8-0f1290d0258b/mzaf_394777065639841416.plus.aac.p.m4a,https://is1-ssl.mzstatic.com/image/thumb/Music122/v4/9a/fa/45/9afa45ec-7823-7e58-5580-27c01cdd709d/akmu_cover.jpg/100x100bb.jpg,https://music.apple.com/kr/album/%EC%98%A4%EB%9E%9C-%EB%82%A0-%EC%98%A4%EB%9E%9C-%EB%B0%A4/1191276096?i=1191276302&uo=4
"Earth, Wind & Fire",보이넥스트도어,Dance Pop,2024,0,music,KOR,KRW,https://audio-ssl.itunes.apple.com/itunes-assets/AudioPreview211/v4/70/9b/ac/709bac30-5bad-1794-5869-3e7720f8202d/mzaf_5658452199662629014.plus.aac.p.m4a,https://is1-ssl.mzstatic.com/image/thumb/Music211/v4/3e/38/bf/3e38bf61-7171-1cfc-7dc4-8e74751f2b6b/196922852268_Cover.jpg/100x100bb.jpg,https://music.apple.com/kr/album/earth-wind-fire/1738692227?i=1738692253&uo=4
러시안 룰렛,레드벨벳,Synth Pop,2016,0,music,KOR,KRW,https://audio-ssl.itunes.apple.com/itunes-assets/AudioPreview115/v4/13/8d/29/138d2973-f729-2619-8fb9-6038b2c08f19/mzaf_4942114820204075052.plus.aac.p.m4a,https://is1-ssl.mzstatic.com/image/thumb/Music124/v4/e1/37/87/e1378701-df90-f521-8afb-206a61def29d/rv_m03_digitalcover_4000x4000.jpg/100x100bb.jpg,https://music.apple.com/kr/album/%EB%9F%AC%EC%8B%9C%EC%95%88-%EB%A3%B0%EB%A0%9B/1151001050?i=1151001410&uo=4
FEARLESS,르세라핌,Dance Pop,2022,0,music,KOR,KRW,https://audio-ssl.itunes.apple.com/itunes-assets/AudioPreview112/v4/6c/48/dc/6c48dc81-2c94-4736-99c9-b6124a2c489a/mzaf_1495979440763322400.plus.aac.p.m4a,https://is1-ssl.mzstatic.com/image/thumb/Music221/v4/77/c9/7f/77c97fcc-e72d-13e9-2e41-d5c23ceb5e43/196922016622_Cover.jpg/100x100bb.jpg,https://music.apple.com/kr/album/fearless/1621089349?i=1621089608&uo=4
첫 눈,EXO,Winter Ballad,2013,0,music,KOR,KRW,https://audio-ssl.itunes.apple.com/itunes-assets/AudioPreview115/v4/36/d3/ef/36d3ef75-97c8-38a2-f7af-18d8a14d5c1b/mzaf_6049926917351381843.plus.aac.p.m4a,https://is1-ssl.mzstatic.com/image/thumb/Music124/v4/ae/ae/5b/aeae5b60-57e1-a742-084c-06e4fcbc6707/asset.jpg/100x100bb.jpg,https://music.apple.com/kr/album/%EC%B2%AB-%EB%88%88/854908527?i=854908536&uo=4
DRIP,BABYMONSTER,Trap Pop,2024,0,music,KOR,KRW,https://audio-ssl.itunes.apple.com/itunes-assets/AudioPreview221/v4/b9/b0/73/b9b0733c-3216-8fc5-e84a-ea16b07d449d/mzaf_9585107261477926522.plus.aac.p.m4a,https://is1-ssl.mzstatic.com/image/thumb/Music221/v4/b9/e1/ef/b9e1ef3a-e3eb-8152-e91b-20aca0fc9ffd/BM_DRIP_Digital-Cover_4000.jpg/100x100bb.jpg,https://music.apple.com/kr/album/drip/1773262053?i=1773262055&uo=4
소나기,이클립스,Rock Ballad,2024,0,music,KOR,KRW,https://audio-ssl.itunes.apple.com/itunes-assets/AudioPreview221/v4/1e/db/10/1edb10da-e958-c57a-0b84-7a3784b1ae39/mzaf_8783338290399196757.plus.aac.p.m4a,https://is1-ssl.mzstatic.com/image/thumb/Music221/v4/41/84/09/418409b3-7485-6cc0-9533-584fb0eecfaf/888272132571_Cover.jpg/100x100bb.jpg,https://music.apple.com/kr/album/%EC%86%8C%EB%82%98%EA%B8%B0/1739750620?i=1739750624&uo=4
No Doubt,엔하이픈,Synth Pop,2024,0,music,KOR,KRW,https://audio-ssl.itunes.apple.com/itunes-assets/AudioPreview211/v4/15/9f/61/159f61b2-1253-9555-f81d-065d31930507/mzaf_3733756114863038963.plus.aac.p.m4a,https://is1-ssl.mzstatic.com/image/thumb/Music221/v4/5f/c8/8c/5fc88cb7-faf5-483a-ea42-ebf112c5f3d7/198704187797_Cover.jpg/100x100bb.jpg,https://music.apple.com/kr/album/no-doubt/1776917020?i=1776917125&uo=4
Nxde,i-dle,Alternative Pop,2022,0,music,KOR,KRW,https://audio-ssl.itunes.apple.com/itunes-assets/AudioPreview221/v4/b3/e2/0a/b3e20ac8-ed29-d65b-47f7-69387f5b5a87/mzaf_494255554072022425.plus.aac.p.m4a,https://is1-ssl.mzstatic.com/image/thumb/Music112/v4/03/66/9c/03669cc2-6893-8fd6-b55c-4540a9561f15/cover_KM0016163_1.jpg/100x100bb.jpg,https://music.apple.com/kr/album/nxde/1649270443?i=1649270444&uo=4
WICKED,ALLDAY PROJECT,Trap,2025,0,music,KOR,KRW,https://audio-ssl.itunes.apple.com/itunes-assets/AudioPreview221/v4/66/16/38/66163872-ac91-f95d-f1e7-236c32cb894d/mzaf_10323836650943749520.plus.aac.p.m4a,https://is1-ssl.mzstatic.com/image/thumb/Music211/v4/ff/fd/c6/fffdc68c-4288-ff7f-344f-8c7359435baf/8800320193350_cover.jpg/100x100bb.jpg,https://music.apple.com/kr/album/wicked/1821577351?i=1821577353&uo=4
Talk Saxy,RIIZE,Funk Pop,2023,0,music,KOR,KRW,https://audio-ssl.itunes.apple.com/itunes-assets/AudioPreview211/v4/14/36/c3/1436c3c7-8d22-01ce-7531-9aa611e2a73f/mzaf_15630730919471140627.plus.aac.p.m4a,https://is1-ssl.mzstatic.com/image/thumb/Music221/v4/79/62/dc/7962dc0e-72f2-e2bc-c452-0264cd38a46a/888735945687.png/100x100bb.jpg,https://music.apple.com/kr/album/talk-saxy/1712461625?i=1712461626&uo=4
Love Love Love (feat. 융진),에픽하이,Acoustic Pop,2006,0,music,KOR,KRW,https://audio-ssl.itunes.apple.com/itunes-assets/AudioPreview116/v4/d6/68/55/d66855e3-9d39-d0e4-9125-c361de786cff/mzaf_13209240250699051678.plus.aac.p.m4a,https://is1-ssl.mzstatic.com/image/thumb/Music126/v4/c3/56/b2/c356b23d-6844-46a8-bbfc-1206dbfcde52/08809114102691_Cover.jpg/100x100bb.jpg,https://music.apple.com/kr/album/love-love-love-feat-%EC%9C%B5%EC%A7%84/1610106934?i=1610108181&uo=4
UP (KARINA Solo),aespa,Dance Pop,2024,0,music,KOR,KRW,https://audio-ssl.itunes.apple.com/itunes-assets/AudioPreview221/v4/4a/ff/3c/4aff3c25-2265-c0f1-7c44-c33b5cdc07e9/mzaf_5994566525694125328.plus.aac.p.m4a,https://is1-ssl.mzstatic.com/image/thumb/Music211/v4/fd/85/0e/fd850e67-f6e2-c4e9-6ea5-501ca5afccbd/aespa_DS_Synk-PARALLEL_LINE_DC.jpg/100x100bb.jpg,https://music.apple.com/kr/album/up-karina-solo/1772223474?i=1772223475&uo=4
Love Lee,악뮤,Acoustic Pop,2023,0,music,KOR,KRW,https://audio-ssl.itunes.apple.com/itunes-assets/AudioPreview211/v4/75/42/8e/75428efd-bf7c-922a-253a-dcc9f812eddc/mzaf_9614853286254962096.plus.aac.p.m4a,https://is1-ssl.mzstatic.com/image/thumb/Music116/v4/7f/ca/13/7fca1315-9134-7937-b159-367bbed08dfa/AKMU_LoveLee_Cover_4000x4000.jpg/100x100bb.jpg,https://music.apple.com/kr/album/love-lee/1702810041?i=1702810042&uo=4
나는 아픈 건 딱 질색이니까,i-dle,Pop Rock,2024,0,music,KOR,KRW,https://audio-ssl.itunes.apple.com/itunes-assets/AudioPreview221/v4/5f/07/4c/5f074c80-f166-ff89-a1a8-f06fdc465f0c/mzaf_2261180378649156450.plus.aac.p.m4a,https://is1-ssl.mzstatic.com/image/thumb/Music126/v4/96/da/6d/96da6de4-8824-f449-7a7a-243aaa9f3a75/cover_KM0019415_1.jpg/100x100bb.jpg,https://music.apple.com/kr/album/%EB%82%98%EB%8A%94-%EC%95%84%ED%94%88-%EA%B1%B4-%EB%94%B1-%EC%A7%88%EC%83%89%EC%9D%B4%EB%8B%88%EA%B9%8C/1727258590?i=1727258596&uo=4
Blue Valentine,NMIXX,R&B,2025,0,music,KOR,KRW,https://audio-ssl.itunes.apple.com/itunes-assets/AudioPreview221/v4/89/c7/11/89c7114a-a27f-c78e-ad40-f717f08ccda0/mzaf_6877575705952491004.plus.aac.p.m4a,https://is1-ssl.mzstatic.com/image/thumb/Music211/v4/fd/d4/44/fdd444f2-5584-8e40-9891-fe7cbc03af9e/8809928955155.jpg/100x100bb.jpg,https://music.apple.com/kr/album/blue-valentine/1840646668?i=1840646670&uo=4
Midas Touch,KISS OF LIFE,Retro Pop,2024,0,music,KOR,KRW,https://audio-ssl.itunes.apple.com/itunes-assets/AudioPreview221/v4/21/3c/2e/213c2ee6-ec6a-b00d-fcec-9c10bb6836a2/mzaf_7872828880278104227.plus.aac.p.m4a,https://is1-ssl.mzstatic.com/image/thumb/Music211/v4/e1/6f/c2/e16fc273-6872-31a0-a667-3e8777da2636/8804775348402.jpg/100x100bb.jpg,https://music.apple.com/kr/album/midas-touch/1737365430?i=1737365431&uo=4
낙하 (with 아이유),악뮤,Alternative Rock,2021,0,music,KOR,KRW,https://audio-ssl.itunes.apple.com/itunes-assets/AudioPreview211/v4/86/4d/a5/864da591-eeb0-27db-bbfa-a190ee20a05c/mzaf_17780542814473670833.plus.aac.p.m4a,https://is1-ssl.mzstatic.com/image/thumb/Music115/v4/12/31/63/12316366-55bb-065c-8ad9-47e107fa79b2/AKMU_NEXT_EPISODE.jpg/100x100bb.jpg,https://music.apple.com/kr/album/%EB%82%99%ED%95%98-with-%EC%95%84%EC%9D%B4%EC%9C%A0/1577524102?i=1577524107&uo=4
뭣 같아,보이넥스트도어,Pop Rock,2023,0,music,KOR,KRW,https://audio-ssl.itunes.apple.com/itunes-assets/AudioPreview221/v4/cd/53/82/cd538214-aabf-3b0e-a6a1-4da85bcb7ac8/mzaf_1861432265805225647.plus.aac.p.m4a,https://is1-ssl.mzstatic.com/image/thumb/Music126/v4/ef/8b/f6/ef8bf6a6-a293-6fed-fc15-3ca0f27ab1ff/196922595776_Cover.jpg/100x100bb.jpg,https://music.apple.com/kr/album/%EB%AD%A3-%EA%B0%99%EC%95%84/1703655103?i=1703655446&uo=4
라일락,아이유,City Pop,2021,0,music,KOR,KRW,https://audio-ssl.itunes.apple.com/itunes-assets/AudioPreview124/v4/57/86/dc/5786dcfa-9502-e272-b6cb-0c2797c8e57e/mzaf_3537909928807442396.plus.aac.p.m4a,https://is1-ssl.mzstatic.com/image/thumb/Music125/v4/35/9f/83/359f83b3-1423-3153-1641-98e948b7fc65/cover_-_EDAM_5_LILAC.jpg/100x100bb.jpg,https://music.apple.com/kr/album/%EB%9D%BC%EC%9D%BC%EB%9D%BD/1560113132?i=1560113134&uo=4
에잇 (feat. SUGA),아이유,Pop Rock,2020,0,music,KOR,KRW,https://audio-ssl.itunes.apple.com/itunes-assets/AudioPreview125/v4/3e/9f/5c/3e9f5c5f-e9fc-5c20-e1ed-6509b07e579f/mzaf_18162240657437875369.plus.aac.p.m4a,https://is1-ssl.mzstatic.com/image/thumb/Music125/v4/6b/65/4d/6b654d71-ed85-c6c4-8fe2-ef3d8e9f2ee0/cover_-.jpg/100x100bb.jpg,https://music.apple.com/kr/album/%EC%97%90%EC%9E%87-feat-suga/1511885175?i=1511885178&uo=4
겨울잠,아이유,Folk Ballad,2021,0,music,KOR,KRW,https://audio-ssl.itunes.apple.com/itunes-assets/AudioPreview116/v4/7e/82/d4/7e82d4de-be15-fcb7-4d2b-ae578eddb881/mzaf_2472149605248089994.plus.aac.p.m4a,https://is1-ssl.mzstatic.com/image/thumb/Music126/v4/b6/d7/03/b6d70395-380c-42b1-6cab-04d51c1c4d9d/cover_KM0014526_1.jpg/100x100bb.jpg,https://music.apple.com/kr/album/%EA%B2%A8%EC%9A%B8%EC%9E%A0/1602185213?i=1602185217&uo=4
우주를 건너,백예린,Dream Pop,2015,0,music,KOR,KRW,https://audio-ssl.itunes.apple.com/itunes-assets/AudioPreview115/v4/9e/bc/13/9ebc13e0-8954-1da5-907e-9f721355f0d4/mzaf_11523518675811690630.plus.aac.p.m4a,https://is1-ssl.mzstatic.com/image/thumb/Music124/v4/f1/77/e9/f177e9d1-b4ad-152b-da00-c6ac56eec68a/yerinbaek_cover_1400_itunespx.jpg/100x100bb.jpg,https://music.apple.com/kr/album/%EC%9A%B0%EC%A3%BC%EB%A5%BC-%EA%B1%B4%EB%84%88/1063152223?i=1063152227&uo=4
It's Me,아일릿,Dance Pop,2026,0,music,KOR,KRW,https://audio-ssl.itunes.apple.com/itunes-assets/AudioPreview221/v4/08/ae/11/08ae11aa-40b1-231d-4013-12ca6de70701/mzaf_12606446026212796138.plus.aac.p.m4a,https://is1-ssl.mzstatic.com/image/thumb/Music211/v4/db/56/04/db5604ab-c7f4-b982-8c76-98ee766ac294/823375069195_Cover.jpg/100x100bb.jpg,https://music.apple.com/kr/album/its-me/1887194024?i=1887194026&uo=4
봄날,방탄소년단,Alternative Hip Hop / Ballad,2017,0,music,KOR,KRW,https://audio-ssl.itunes.apple.com/itunes-assets/AudioPreview126/v4/18/d7/18/18d718e6-efb8-2241-47b8-44f8951b7afb/mzaf_9900867605041120176.plus.aac.p.m4a,https://is1-ssl.mzstatic.com/image/thumb/Music116/v4/ce/fb/eb/cefbebd4-d53b-8d6c-33cf-2ee55408bd79/8804775077494_Cover.jpg/100x100bb.jpg,https://music.apple.com/kr/album/%EB%B4%84%EB%82%A0/1596528839?i=1596529381&uo=4
너에게 닿기를,10CM,Acoustic Pop,2025,0,music,KOR,KRW,https://audio-ssl.itunes.apple.com/itunes-assets/AudioPreview211/v4/84/b2/b1/84b2b1a8-4575-4a62-1b2f-59907cf3e740/mzaf_7834598123037802355.plus.aac.p.m4a,https://is1-ssl.mzstatic.com/image/thumb/Music221/v4/b1/d6/d1/b1d6d19a-ff6b-8045-1c8b-4134d3431003/cover_KM0021356_1.jpg/100x100bb.jpg,https://music.apple.com/kr/album/%EB%84%88%EC%97%90%EA%B2%8C-%EB%8B%BF%EA%B8%B0%EB%A5%BC/1800086188?i=1800086189&uo=4
해야,아이브,Dance Pop,2024,0,music,KOR,KRW,https://audio-ssl.itunes.apple.com/itunes-assets/AudioPreview221/v4/e1/15/67/e1156722-22e3-612b-2271-91953fa14752/mzaf_14663687379356671026.plus.aac.p.m4a,https://is1-ssl.mzstatic.com/image/thumb/Music221/v4/97/18/44/97184494-ff70-dc93-3e38-02418a8a1e4c/cover_KM0019762_1.jpg/100x100bb.jpg,https://music.apple.com/kr/album/%ED%95%B4%EC%95%BC/1743111714?i=1743111719&uo=4
FaSHioN,코르티스,Hip Hop,2025,0,music,KOR,KRW,https://audio-ssl.itunes.apple.com/itunes-assets/AudioPreview211/v4/26/07/b1/2607b124-6208-a89c-123f-9deed49d3e77/mzaf_2396960512383976664.plus.aac.p.m4a,https://is1-ssl.mzstatic.com/image/thumb/Music211/v4/07/b1/d0/07b1d01f-eada-50a5-bdf5-f3f86b1de566/198704622366_Cover.jpg/100x100bb.jpg,https://music.apple.com/kr/album/fashion/1832031331?i=1832031345&uo=4
붉은 노을,BIGBANG,Rock,2008,0,music,KOR,KRW,https://audio-ssl.itunes.apple.com/itunes-assets/AudioPreview125/v4/1f/cc/1c/1fcc1ce0-8f5f-140b-188e-2566ea314a8b/mzaf_14601860296962265492.plus.aac.p.m4a,https://is1-ssl.mzstatic.com/image/thumb/Music128/v4/4c/4f/88/4c4f88a2-3b4a-54d6-ca3b-8090fc48ba46/8806384562941.jpg/100x100bb.jpg,https://music.apple.com/kr/album/%EB%B6%89%EC%9D%80-%EB%85%B8%EC%9D%84/1333468515?i=1333468525&uo=4
Pink Venom,BLACKPINK,Hip Hop Dance,2022,0,music,KOR,KRW,https://audio-ssl.itunes.apple.com/itunes-assets/AudioPreview211/v4/ff/62/f6/ff62f61a-477c-b4e2-37bf-b89efe368eec/mzaf_17717070560635734968.plus.aac.p.m4a,https://is1-ssl.mzstatic.com/image/thumb/Music122/v4/06/46/30/06463067-ade6-cc78-7a1f-bd4547a347be/BP_DigitalCover_F_4000px.jpg/100x100bb.jpg,https://music.apple.com/kr/album/pink-venom/1639063350?i=1639063352&uo=4
미안해 미워해 사랑해,Crush,R&B Ballad,2024,0,music,KOR,KRW,https://audio-ssl.itunes.apple.com/itunes-assets/AudioPreview221/v4/bb/7f/f5/bb7ff5a7-87b8-2e2c-a2ce-1f40d19aabc5/mzaf_11552351934799265549.plus.aac.p.m4a,https://is1-ssl.mzstatic.com/image/thumb/Music221/v4/84/b6/a8/84b6a808-9f87-47df-b41b-b15e1bdace30/191953341866.jpg/100x100bb.jpg,https://music.apple.com/kr/album/%EB%AF%B8%EC%95%88%ED%95%B4-%EB%AF%B8%EC%9B%8C%ED%95%B4-%EC%82%AC%EB%9E%91%ED%95%B4/1736887938?i=1736887939&uo=4
Queendom,레드벨벳,Funk Pop,2021,0,music,KOR,KRW,https://audio-ssl.itunes.apple.com/itunes-assets/AudioPreview115/v4/ee/f5/d0/eef5d0ac-77e7-0df8-9230-bdc2bb72f495/mzaf_8322042319419364402.plus.aac.p.m4a,https://is1-ssl.mzstatic.com/image/thumb/Music115/v4/d8/fb/33/d8fb33ed-347f-8342-75a0-9843be97ae50/Digital_Cover_RedVelvet_Queendompg.jpg/100x100bb.jpg,https://music.apple.com/kr/album/queendom/1580685463?i=1580685467&uo=4
Girls Never Die,트리플에스,Alternative Dance,2024,0,music,KOR,KRW,https://audio-ssl.itunes.apple.com/itunes-assets/AudioPreview221/v4/b3/8a/b4/b38ab411-da0a-4afd-aee5-be714eaddb16/mzaf_16825447186428494114.plus.aac.p.m4a,https://is1-ssl.mzstatic.com/image/thumb/Music221/v4/fe/5e/5d/fe5e5d84-8f3b-3feb-c0d7-fd6d472753f5/cover_KM0019837_1.jpg/100x100bb.jpg,https://music.apple.com/kr/album/girls-never-die/1744323983?i=1744323985&uo=4
Boom Boom Bass,RIIZE,Funk Pop,2024,0,music,KOR,KRW,https://audio-ssl.itunes.apple.com/itunes-assets/AudioPreview221/v4/94/3f/5c/943f5cd3-b8ae-b486-0d9b-fa4dcab0f103/mzaf_4476098256381435773.plus.aac.p.m4a,https://is1-ssl.mzstatic.com/image/thumb/Music221/v4/08/56/37/08563720-f733-a181-68a9-16b92ac4d484/888735948015.png/100x100bb.jpg,https://music.apple.com/kr/album/boom-boom-bass/1748752969?i=1748752970&uo=4
사계,태연,Pop Rock,2019,0,music,KOR,KRW,https://audio-ssl.itunes.apple.com/itunes-assets/AudioPreview125/v4/e9/8b/d9/e98bd907-99a0-e6e5-24fc-5bd473cefc84/mzaf_16554616345684362443.plus.aac.p.m4a,https://is1-ssl.mzstatic.com/image/thumb/Music124/v4/c2/9b/bf/c29bbf3a-b9b2-c571-152e-b851784dc319/TAEYEON_Four_Seasons_Cover_Art.jpg/100x100bb.jpg,https://music.apple.com/kr/album/%EC%82%AC%EA%B3%84/1457283867?i=1457283876&uo=4
EASY,르세라핌,Trap R&B,2024,0,music,KOR,KRW,https://audio-ssl.itunes.apple.com/itunes-assets/AudioPreview221/v4/19/f6/98/19f6985f-4633-0de9-6529-22e9c84e31be/mzaf_2983769807683393748.plus.aac.p.m4a,https://is1-ssl.mzstatic.com/image/thumb/Music221/v4/22/0f/fd/220ffdbf-152c-5b65-d5af-01256c1328c2/196922796531_Cover.jpg/100x100bb.jpg,https://music.apple.com/kr/album/easy/1728928730?i=1728928754&uo=4
O.O,NMIXX,Mixx Pop,2022,0,music,KOR,KRW,https://audio-ssl.itunes.apple.com/itunes-assets/AudioPreview126/v4/2c/0f/bc/2c0fbc64-db57-7960-a8e8-f57dd460008a/mzaf_11002882420980080553.plus.aac.p.m4a,https://is1-ssl.mzstatic.com/image/thumb/Music126/v4/9b/b5/a2/9bb5a2fe-38ba-e4bf-007f-b5cb01953cfe/NMIXX_1st_Sinle_AD_MARE_Online_Cover.jpg/100x100bb.jpg,https://music.apple.com/kr/album/o-o/1609765517?i=1609765519&uo=4
Talk that Talk,TWICE,Dance Pop,2022,0,music,KOR,KRW,https://audio-ssl.itunes.apple.com/itunes-assets/AudioPreview211/v4/d0/fb/4e/d0fb4e8b-3964-902f-5b93-24e841643dc0/mzaf_11131695449133470793.plus.aac.p.m4a,https://is1-ssl.mzstatic.com/image/thumb/Music122/v4/03/52/56/0352560f-9696-36ef-c443-f7cc06e07577/TW_B12_0812.jpg/100x100bb.jpg,https://music.apple.com/kr/album/talk-that-talk/1640391937?i=1640391940&uo=4
Soda Pop,"Saja Boys, 앤드류최, Neckwav, 대니청, Kevin Woo, samUIL Lee & KPop Demon Hunters Cast",Dance Pop,2025,0,music,KOR,KRW,https://audio-ssl.itunes.apple.com/itunes-assets/AudioPreview211/v4/9c/77/47/9c77475f-bbd8-a691-d45e-b759a8a52912/mzaf_7746732510469093884.plus.aac.p.m4a,https://is1-ssl.mzstatic.com/image/thumb/Music211/v4/e1/15/42/e1154273-8ecd-5702-e6e6-597f28001681/25UMGIM82363.rgb.jpg/100x100bb.jpg,https://music.apple.com/kr/album/soda-pop/1820264137?i=1820264147&uo=4
괜찮아도 괜찮아,도경수,Ballad,2019,0,music,KOR,KRW,https://audio-ssl.itunes.apple.com/itunes-assets/AudioPreview115/v4/cd/ba/f0/cdbaf055-c469-c188-a56b-f4cc6c1e34c9/mzaf_3660758692464867572.plus.aac.p.m4a,https://is1-ssl.mzstatic.com/image/thumb/Music124/v4/cb/6d/cc/cb6dcc2c-d163-7594-b8aa-2000c5b221ad/Album_Cover.jpg/100x100bb.jpg,https://music.apple.com/kr/album/%EA%B4%9C%EC%B0%AE%EC%95%84%EB%8F%84-%EA%B4%9C%EC%B0%AE%EC%95%84/1470593207?i=1470593208&uo=4
삐딱하게,G-DRAGON,Pop Punk,2013,0,music,KOR,KRW,https://audio-ssl.itunes.apple.com/itunes-assets/AudioPreview115/v4/91/54/49/9154498c-ab41-b03d-f5ae-c481ec8759b6/mzaf_18234252291622361427.plus.aac.p.m4a,https://is1-ssl.mzstatic.com/image/thumb/Music124/v4/6f/ea/f0/6feaf05d-1c45-a7ac-479e-f294d0ca4b70/8806197910472.jpg/100x100bb.jpg,https://music.apple.com/kr/album/%EC%82%90%EB%94%B1%ED%95%98%EA%B2%8C/1348186590?i=1348187176&uo=4
Baddie,아이브,Trap Pop,2023,0,music,KOR,KRW,https://audio-ssl.itunes.apple.com/itunes-assets/AudioPreview221/v4/49/73/ea/4973eaf0-04be-abe4-8a95-6198856933d3/mzaf_9534983896219313533.plus.aac.p.m4a,https://is1-ssl.mzstatic.com/image/thumb/Music116/v4/88/4e/1a/884e1a49-7ce1-7521-7216-cb9adc497090/cover_KM0018202_1.jpg/100x100bb.jpg,https://music.apple.com/kr/album/baddie/1711153844?i=1711153996&uo=4
Nice Guy,보이넥스트도어,Dance Pop,2024,0,music,KOR,KRW,https://audio-ssl.itunes.apple.com/itunes-assets/AudioPreview221/v4/ab/04/c4/ab04c4c6-94de-c4a6-20f8-acda2135af96/mzaf_13993952372532911340.plus.aac.p.m4a,https://is1-ssl.mzstatic.com/image/thumb/Music211/v4/25/fe/7a/25fe7a3c-09c5-fedd-418e-42c8d03b115e/198704113956_Cover.jpg/100x100bb.jpg,https://music.apple.com/kr/album/nice-guy/1765199811?i=1765199947&uo=4
SIGN,이즈나,Dance Pop,2025,0,music,KOR,KRW,https://audio-ssl.itunes.apple.com/itunes-assets/AudioPreview221/v4/e4/e4/ce/e4e4ce03-643c-afcd-e662-70be68aaee03/mzaf_11258036149653112982.plus.aac.p.m4a,https://is1-ssl.mzstatic.com/image/thumb/Music221/v4/9d/a4/5b/9da45b57-dd82-96ef-e34e-7a85c5b1f8c1/198704433269_Cover.jpg/100x100bb.jpg,https://music.apple.com/kr/album/sign/1804309574?i=1804309575&uo=4
피카부,레드벨벳,Dance Pop,2017,0,music,KOR,KRW,https://audio-ssl.itunes.apple.com/itunes-assets/AudioPreview125/v4/03/c0/91/03c091c9-3f35-69a2-56c5-7e77e98a4c09/mzaf_8574941072900010672.plus.aac.p.m4a,https://is1-ssl.mzstatic.com/image/thumb/Music124/v4/e5/43/f8/e543f849-b92d-9812-c7c8-0a2f16126d96/RV_02_DC.jpg/100x100bb.jpg,https://music.apple.com/kr/album/%ED%94%BC%EC%B9%B4%EB%B6%80/1314273377?i=1314275552&uo=4
작은 것들을 위한 시 (Boy With Luv) [feat. Halsey],방탄소년단,Funk Pop,2019,0,music,KOR,KRW,https://audio-ssl.itunes.apple.com/itunes-assets/AudioPreview211/v4/0b/8d/84/0b8d84e5-5273-ae21-0c6e-591af6097294/mzaf_16252906211188582302.plus.aac.p.m4a,https://is1-ssl.mzstatic.com/image/thumb/Music116/v4/40/d4/93/40d493e3-ac9e-1746-8d4c-f380f27c97cb/193483706238_Cover.jpg/100x100bb.jpg,https://music.apple.com/kr/album/%EC%9E%91%EC%9D%80-%EA%B2%83%EB%93%A4%EC%9D%84-%EC%9C%84%ED%95%9C-%EC%8B%9C-boy-with-luv-feat-halsey/1599171924?i=1599172208&uo=4
폰서트,10CM,Acoustic Pop,2017,0,music,KOR,KRW,https://audio-ssl.itunes.apple.com/itunes-assets/AudioPreview221/v4/36/b1/71/36b171e9-6387-bd73-db43-49d94cca4422/mzaf_10800004999062144167.plus.aac.p.m4a,https://is1-ssl.mzstatic.com/image/thumb/Music221/v4/b8/f7/45/b8f745b4-8063-d0a9-2755-660c31a7956e/191953001197.jpg/100x100bb.jpg,https://music.apple.com/kr/album/%ED%8F%B0%EC%84%9C%ED%8A%B8/1277571067?i=1277571225&uo=4
Zombie,데이식스,Pop Rock,2020,0,music,KOR,KRW,https://audio-ssl.itunes.apple.com/itunes-assets/AudioPreview115/v4/4b/9b/55/4b9b55b0-e4e3-f842-ee8f-46760fc768ef/mzaf_6002616742794346565.plus.aac.p.m4a,https://is1-ssl.mzstatic.com/image/thumb/Music124/v4/d0/9e/4c/d09e4c70-01dc-a532-ec0e-23f91b5a549e/DAY6_The_Book_of_Us_The_Demon_cover.jpg/100x100bb.jpg,https://music.apple.com/kr/album/zombie/1510954382?i=1510954384&uo=4
Cherish (My Love),아일릿,Dance Pop,2024,0,music,KOR,KRW,https://audio-ssl.itunes.apple.com/itunes-assets/AudioPreview221/v4/ff/c5/9d/ffc59d63-bd5d-0b93-4592-2dd7d797de8e/mzaf_7002868842246643213.plus.aac.p.m4a,https://is1-ssl.mzstatic.com/image/thumb/Music221/v4/e9/20/73/e9207332-1b22-18d0-5d1b-daaf370a4317/198704136962_Cover.jpg/100x100bb.jpg,https://music.apple.com/kr/album/cherish-my-love/1772790085?i=1772790089&uo=4
ATTITUDE,아이브,Dance Pop,2025,0,music,KOR,KRW,https://audio-ssl.itunes.apple.com/itunes-assets/AudioPreview211/v4/03/b9/da/03b9da3f-9bbe-bf20-79f9-3854dd2a0225/mzaf_1130724009809927595.plus.aac.p.m4a,https://is1-ssl.mzstatic.com/image/thumb/Music221/v4/ea/1f/6f/ea1f6f9a-40f0-3ab7-8f29-b6d70513b3f8/8804775373565.jpg/100x100bb.jpg,https://music.apple.com/kr/album/attitude/1790160307?i=1790160313&uo=4
NOT CUTE ANYMORE,아일릿,Pop Rock,2025,0,music,KOR,KRW,https://audio-ssl.itunes.apple.com/itunes-assets/AudioPreview211/v4/4e/b0/ee/4eb0eed2-18ab-cd66-fc29-340b9d3713e2/mzaf_6242017905047502425.plus.aac.p.m4a,https://is1-ssl.mzstatic.com/image/thumb/Music221/v4/a5/de/95/a5de954b-4e07-975b-1621-7681fd218e15/198704763106_Cover.jpg/100x100bb.jpg,https://music.apple.com/kr/album/not-cute-anymore/1849105513?i=1849105517&uo=4
TOO BAD (feat. Anderson .Paak),G-DRAGON,Mixx Pop,2025,0,music,KOR,KRW,https://audio-ssl.itunes.apple.com/itunes-assets/AudioPreview221/v4/48/3d/72/483d7221-6d8e-5fb6-e715-d3cce8e2c886/mzaf_11659454600480157294.plus.aac.p.m4a,https://is1-ssl.mzstatic.com/image/thumb/Music211/v4/2e/8e/b2/2e8eb2ab-4727-d2ff-a1b8-b89bea2a6562/cover_KM0021337_1.jpg/100x100bb.jpg,https://music.apple.com/kr/album/too-bad-feat-anderson-paak/1798155281?i=1798155284&uo=4
Teddy Bear,STAYC,Bubblegum Pop,2023,0,music,KOR,KRW,https://audio-ssl.itunes.apple.com/itunes-assets/AudioPreview211/v4/5d/91/be/5d91be0e-b61d-2de7-0937-b4fd4a7e9f0f/mzaf_10146917558968304796.plus.aac.p.m4a,https://is1-ssl.mzstatic.com/image/thumb/Music116/v4/d3/e2/34/d3e23468-4920-f7b9-e955-322eb98af917/cover_KM0016800_1.jpg/100x100bb.jpg,https://music.apple.com/kr/album/teddy-bear/1670622072?i=1670622073&uo=4
Hello,허각,Ballad,2011,0,music,KOR,KRW,https://audio-ssl.itunes.apple.com/itunes-assets/AudioPreview125/v4/4b/18/cb/4b18cb83-1754-ffe0-e1d6-05b0f542acde/mzaf_6601002150359083928.plus.aac.p.m4a,https://is1-ssl.mzstatic.com/image/thumb/Music7/v4/10/95/b9/1095b90e-03ca-6526-3bb5-2d0ee4ba07dd/cover-.jpg/100x100bb.jpg,https://music.apple.com/kr/album/hello/1004836380?i=1004836383&uo=4
행복했던 날들이었다,데이식스,Rock Ballad,2018,0,music,KOR,KRW,https://audio-ssl.itunes.apple.com/itunes-assets/AudioPreview125/v4/dd/f5/d1/ddf5d199-cd68-a597-aac9-f075ad1930a3/mzaf_2813587192924119599.plus.aac.p.m4a,https://is1-ssl.mzstatic.com/image/thumb/Music128/v4/55/e8/f1/55e8f1c2-47fd-cbc4-13c5-1b148991acce/DAY6_Remember_Us_Youth_Part_2_cover_image.jpg/100x100bb.jpg,https://music.apple.com/kr/album/%ED%96%89%EB%B3%B5%ED%96%88%EB%8D%98-%EB%82%A0%EB%93%A4%EC%9D%B4%EC%97%88%EB%8B%A4/1445978481?i=1445978483&uo=4
I DO ME,키키,Dance Pop,2025,0,music,KOR,KRW,https://audio-ssl.itunes.apple.com/itunes-assets/AudioPreview221/v4/31/98/45/3198452a-32fc-48bb-d2d1-628864c9e90c/mzaf_11694233008170532728.plus.aac.p.m4a,https://is1-ssl.mzstatic.com/image/thumb/Music221/v4/19/ca/0e/19ca0e8f-ba66-d54a-2a9e-87cbe684ed3f/cover_KM0021302_1.jpg/100x100bb.jpg,https://music.apple.com/kr/album/i-do-me/1796773639?i=1796773642&uo=4
하루하루,BIGBANG,Ballad,2008,0,music,KOR,KRW,https://audio-ssl.itunes.apple.com/itunes-assets/AudioPreview115/v4/ff/c2/a0/ffc2a011-0a44-d2df-657e-b8d9fc8ea805/mzaf_15222953779225658651.plus.aac.p.m4a,https://is1-ssl.mzstatic.com/image/thumb/Music114/v4/b9/9e/94/b99e9493-030c-5f73-b5c8-e69de5b04a6d/edit_3rd.jpg/100x100bb.jpg,https://music.apple.com/kr/album/%ED%95%98%EB%A3%A8%ED%95%98%EB%A3%A8/1346470974?i=1346470976&uo=4
DICE,NMIXX,Mixx Pop,2022,0,music,KOR,KRW,https://audio-ssl.itunes.apple.com/itunes-assets/AudioPreview221/v4/5d/24/12/5d241294-79de-c758-dc5f-e063ac1f4d46/mzaf_12512688678632390618.plus.aac.p.m4a,https://is1-ssl.mzstatic.com/image/thumb/Music122/v4/1f/66/04/1f66048b-a5b5-f563-3bcb-13d4404c096c/ENTWURF_Cover.jpg/100x100bb.jpg,https://music.apple.com/kr/album/dice/1645505599?i=1645505600&uo=4
